Phone,Churn?
382-4657,False.
371-7191,False.
358-1921,False.
375-9999,False.
330-6626,False.
391-8027,False.
355-9993,False.
329-9001,False.
335-4719,False.
330-8173,False.
329-6603,True.
344-9403,False.
363-1107,False.
394-8006,False.
366-9238,False.
351-7269,True.
350-8884,False.
386-2923,False.
356-2992,False.
373-2782,False.
396-5800,False.
393-7984,True.
358-1958,False.
350-2565,False.
343-4696,False.
331-3698,False.
357-3817,False.
418-6412,False.
353-2630,False.
410-7789,False.
416-8428,False.
370-3359,False.
383-1121,False.
360-1596,True.
395-2854,False.
362-1407,False.
341-9764,False.
353-3305,False.
402-1381,False.
332-9891,False.
372-9976,False.
383-6029,True.
353-7289,False.
390-7274,False.
352-1237,False.
353-3061,False.
363-5450,False.
364-1995,False.
398-1294,True.
405-7146,False.
413-4957,False.
420-5645,False.
349-4396,False.
404-3211,False.
353-3759,True.
363-5947,False.
340-5121,False.
370-7574,True.
403-9733,False.
355-7251,False.
359-5893,False.
405-3371,False.
344-5117,False.
332-8160,False.
359-4081,False.
352-8305,False.
329-9847,False.
365-9011,False.
338-9472,False.
374-8042,True.
359-1231,False.
413-7170,False.
415-2935,False.
399-4246,False.
362-5889,False.
350-8921,False.
374-5353,True.
360-1171,True.
355-8887,False.
333-1967,False.
354-4577,False.
331-7425,False.
419-2637,False.
411-1530,False.
395-3026,True.
388-6441,False.
402-1251,True.
412-9997,False.
346-7302,False.
358-9095,True.
400-9770,False.
334-1275,True.
340-4953,False.
400-9510,False.
387-6103,False.
366-4467,False.
370-3450,False.
327-3954,False.
355-6291,True.
362-9748,True.
379-6506,False.
347-7741,False.
354-3783,False.
401-7594,False.
397-4976,False.
334-2577,False.
400-3637,False.
383-4361,False.
371-4306,False.
403-4298,False.
409-3786,False.
337-4697,False.
383-1509,False.
359-9794,False.
407-7035,False.
363-1069,True.
391-4652,False.
355-6837,True.
409-1244,False.
328-3266,False.
352-7072,False.
370-7550,False.
369-5526,False.
329-4391,False.
408-4195,False.
354-4445,False.
335-4858,True.
414-8718,True.
409-5939,False.
331-4902,False.
353-6870,False.
355-2909,False.
390-6101,False.
400-3446,False.
411-5859,False.
387-2919,False.
374-8525,False.
379-5592,False.
345-8237,False.
422-6690,False.
346-2359,False.
374-3534,False.
381-4756,False.
390-2805,False.
390-2390,True.
419-9097,False.
386-7281,False.
380-3561,False.
390-8760,False.
366-6730,False.
395-5285,False.
354-3436,False.
336-7600,False.
383-6293,False.
362-4596,False.
401-3926,False.
370-9116,True.
328-6289,False.
350-9994,False.
351-4616,False.
360-5779,False.
417-4885,False.
406-4710,False.
409-8743,False.
335-4584,False.
361-9845,False.
366-5699,False.
329-9364,False.
390-7434,False.
404-9680,False.
338-9398,False.
394-2445,False.
381-2709,False.
397-5060,False.
415-2393,False.
377-1765,False.
409-2111,False.
401-3170,False.
405-5681,False.
411-4582,False.
355-5009,False.
372-3750,True.
405-2888,False.
361-3337,False.
350-1639,False.
333-3221,False.
422-1471,False.
399-7865,False.
373-4819,False.
338-6981,False.
418-4365,False.
359-5461,False.
375-3586,False.
407-8376,False.
408-6496,False.
385-7688,False.
332-6934,False.
378-3625,True.
353-7292,True.
399-6786,False.
358-3261,False.
377-9932,False.
397-4030,False.
367-1062,False.
341-8467,False.
339-9453,False.
344-3388,False.
375-8013,False.
408-4142,False.
386-3671,False.
411-2284,False.
346-7795,False.
333-5609,False.
405-1842,False.
366-6345,True.
337-9345,False.
328-6770,False.
380-7321,False.
375-1476,True.
356-1567,False.
422-6685,False.
336-1090,False.
343-2095,False.
345-3934,False.
338-8050,False.
388-9568,False.
402-6591,False.
403-6419,False.
386-9790,False.
378-5692,False.
360-3324,True.
410-3719,False.
352-4221,False.
327-6179,False.
359-6196,False.
374-9107,True.
357-4078,False.
366-5780,False.
393-9619,False.
355-9295,False.
400-5751,False.
338-1027,True.
405-8867,False.
336-5616,False.
335-1697,True.
331-5138,False.
385-8240,False.
348-1359,False.
354-7339,False.
349-1687,False.
380-2558,True.
365-2153,False.
345-6043,False.
349-2808,False.
411-1715,False.
385-2488,False.
377-7177,False.
342-1099,False.
386-4170,True.
413-1269,False.
396-4460,False.
334-2730,False.
340-3182,False.
377-8608,False.
417-3676,False.
417-6774,False.
411-9554,False.
420-3192,False.
389-1475,False.
343-7734,False.
410-3390,False.
344-6495,False.
331-6229,False.
337-7501,False.
339-9631,False.
369-4384,False.
416-3915,False.
339-3049,True.
361-7998,False.
355-4842,False.
387-6440,False.
369-2625,False.
389-7073,False.
370-8463,False.
362-7318,False.
412-1194,False.
355-9508,False.
352-8202,False.
335-5882,False.
352-6976,True.
393-6733,False.
335-1838,False.
355-6930,False.
387-5860,True.
343-2605,False.
350-6759,False.
371-1514,False.
346-9317,False.
398-4313,False.
412-4399,False.
330-1835,False.
416-1676,True.
329-7347,True.
360-6868,False.
405-6641,False.
393-2373,False.
419-1714,True.
336-3819,True.
341-3464,False.
413-5310,False.
366-7912,True.
399-8845,False.
368-2583,False.
360-6309,False.
359-5890,False.
332-2462,False.
381-9196,False.
329-3222,False.
363-5819,False.
413-9269,True.
330-7483,False.
403-7775,False.
360-2479,False.
394-3791,False.
384-2632,False.
359-8466,False.
331-8909,False.
359-5160,False.
330-9833,False.
362-2314,False.
338-8478,False.
387-5453,True.
380-3437,True.
365-8779,False.
407-2750,False.
396-8265,False.
397-4304,False.
333-2611,False.
409-8814,False.
336-5406,False.
343-6940,True.
361-9923,False.
350-6639,False.
376-4300,False.
349-6567,False.
333-7749,False.
408-6089,False.
375-2165,False.
400-6999,False.
420-7823,True.
366-5241,False.
413-3412,False.
406-2752,False.
337-8078,False.
402-1942,True.
371-7917,False.
343-6374,False.
385-8730,False.
393-7892,False.
407-6748,False.
341-4463,True.
351-2587,False.
421-9752,False.
356-4001,False.
328-9869,False.
343-5709,True.
334-1872,False.
350-1040,False.
369-3214,False.
385-6778,False.
383-7689,False.
385-5722,False.
357-1909,True.
364-3567,False.
422-4241,False.
370-2957,False.
329-6562,False.
363-3515,False.
374-7787,True.
345-2931,False.
373-5732,False.
348-7437,False.
332-9460,False.
355-6531,False.
336-9390,False.
346-8581,False.
363-8824,False.
353-3351,False.
360-4320,False.
417-6252,False.
393-4949,False.
401-3156,False.
338-6283,False.
352-9017,False.
405-5305,True.
376-9249,False.
339-7139,False.
328-6011,True.
378-1303,False.
402-5155,True.
333-5430,False.
365-9696,False.
410-4023,False.
411-7649,False.
338-4065,False.
421-9401,False.
343-9658,False.
332-5521,True.
349-4369,False.
351-4288,False.
422-5874,False.
396-2324,False.
416-5662,False.
363-9663,False.
410-9477,False.
352-4418,True.
361-6563,True.
417-4404,False.
372-8048,False.
356-3646,False.
351-9604,False.
355-9581,False.
396-5189,False.
356-9187,False.
394-5537,False.
408-2712,False.
404-4486,False.
355-1113,False.
411-4674,False.
376-4519,False.
365-5979,True.
382-2879,False.
420-1383,False.
411-7390,False.
383-8848,False.
387-9301,False.
399-3164,False.
385-8997,True.
352-6573,False.
408-3384,False.
419-6033,False.
336-2090,False.
343-7242,False.
376-1713,False.
381-5878,False.
390-5470,False.
414-4803,False.
382-5478,False.
333-7637,False.
341-1647,False.
411-4232,False.
339-2616,False.
327-3850,False.
328-7209,False.
405-6189,True.
418-6737,True.
366-2212,False.
356-1420,False.
343-1323,False.
361-8239,False.
384-1621,False.
360-3525,False.
392-3813,False.
337-6898,False.
366-8036,False.
352-8327,True.
334-9505,True.
336-5702,False.
392-2381,False.
369-6880,False.
416-8697,False.
345-3451,False.
379-2514,False.
418-6651,True.
421-3528,False.
329-9046,False.
406-3890,False.
403-8904,False.
393-4086,False.
400-1367,False.
377-9473,False.
396-3068,False.
331-9293,False.
347-1914,False.
395-1962,False.
401-5485,False.
355-6560,False.
363-3911,False.
345-1998,False.
361-5277,False.
376-7145,False.
375-2975,True.
376-8573,True.
366-7360,False.
347-7898,False.
390-7328,False.
356-5491,False.
373-3251,False.
343-1965,True.
378-8019,False.
386-1548,False.
397-1649,False.
366-7247,True.
402-9691,False.
334-9806,False.
378-7733,False.
407-2248,False.
405-3916,True.
407-2081,False.
397-9148,True.
415-4857,False.
354-7314,False.
346-5611,False.
349-4703,False.
411-7778,True.
421-1469,False.
420-5990,False.
389-4780,False.
357-2735,False.
409-4791,False.
380-5286,False.
394-8402,True.
392-1616,False.
364-1969,False.
390-4152,False.
367-7039,False.
391-6607,False.
379-6652,False.
384-1833,False.
403-2455,False.
391-1348,False.
408-4174,False.
366-4334,False.
406-5059,False.
373-6784,False.
408-3532,False.
350-8680,False.
398-9870,False.
343-3356,False.
415-4609,False.
404-5387,False.
415-8151,False.
416-2778,True.
393-3300,False.
391-7661,False.
339-4317,False.
418-6455,True.
378-3508,True.
390-9359,False.
364-2495,False.
364-7719,True.
421-1189,False.
419-8987,True.
402-9980,False.
376-5908,False.
400-3150,False.
336-1749,False.
420-1259,False.
339-7541,True.
378-9029,False.
342-7514,False.
422-4956,False.
389-8606,False.
406-7261,False.
417-7973,False.
390-2891,False.
385-7387,False.
362-2776,False.
329-1955,False.
344-3160,True.
406-2454,False.
335-3913,False.
355-7705,False.
410-7108,False.
419-1674,True.
351-7369,False.
349-9566,False.
333-3421,False.
393-8199,False.
388-4879,False.
353-6007,True.
416-1557,False.
356-7217,False.
350-2012,False.
420-9838,True.
373-6379,False.
355-7293,False.
406-4588,False.
345-1524,True.
375-8493,False.
361-2924,False.
359-6163,False.
411-8140,False.
381-9049,False.
344-4478,False.
360-2690,False.
410-7383,False.
356-1889,False.
341-2360,False.
370-3021,False.
336-4656,False.
386-2810,True.
350-1354,False.
346-5707,False.
405-8370,False.
373-2053,True.
369-5222,False.
347-7420,False.
392-6856,False.
371-5556,False.
334-5337,False.
334-8817,False.
339-1405,False.
380-7742,True.
329-6191,False.
340-3075,False.
416-5849,False.
334-7443,False.
394-9121,False.
383-1657,True.
347-4112,False.
362-8280,False.
402-9982,False.
392-8905,False.
392-5512,False.
351-6384,False.
348-8015,True.
374-6966,False.
328-2236,False.
372-6497,True.
417-8617,False.
361-9621,False.
421-2723,False.
327-9341,False.
383-5474,False.
328-8147,False.
373-5438,False.
333-9253,False.
347-9421,False.
419-3167,False.
414-4162,False.
416-5341,False.
368-8600,False.
336-6085,False.
377-1479,False.
360-2107,False.
405-9384,False.
420-5179,False.
331-3174,False.
411-5958,True.
333-8180,False.
357-2679,False.
396-2867,False.
341-9443,False.
341-4103,False.
416-8701,True.
397-6109,False.
392-5587,False.
392-9342,False.
368-2845,False.
405-4920,True.
348-7484,False.
338-5207,False.
418-7846,False.
358-8729,False.
349-1943,False.
368-8283,False.
345-1419,False.
358-8025,False.
383-8695,False.
370-7565,False.
401-6162,False.
386-5303,False.
351-6552,False.
345-5338,False.
330-2849,False.
364-6801,False.
375-3003,False.
383-8878,False.
384-2372,True.
377-7107,False.
361-1581,False.
417-7888,False.
383-8364,False.
396-2335,False.
408-4530,False.
408-6621,False.
393-7522,False.
338-7120,False.
357-4265,False.
398-8801,False.
346-2347,False.
343-2741,False.
420-8242,False.
402-7746,False.
332-1494,False.
388-6223,False.
404-9539,False.
341-7332,False.
338-7886,False.
332-5596,False.
348-9945,False.
407-1896,False.
398-9408,False.
369-8005,False.
346-2530,False.
400-5984,False.
351-1007,False.
345-5980,False.
368-8964,False.
358-1912,False.
379-3132,False.
340-9910,False.
396-2719,False.
369-6204,False.
420-9971,True.
410-3782,False.
404-4481,False.
383-9255,False.
418-9385,False.
360-9676,False.
327-3587,True.
385-4715,False.
414-2695,False.
331-5999,False.
337-7739,False.
388-6658,False.
405-6943,False.
382-4084,False.
352-8249,False.
353-8363,True.
416-2825,False.
342-6696,False.
338-9210,False.
328-1768,False.
406-5870,False.
398-3834,True.
330-7754,True.
414-9054,False.
350-2832,False.
414-9027,False.
337-1225,False.
394-6577,False.
359-6995,False.
377-7561,False.
380-6631,False.
390-8876,False.
413-2201,False.
374-2073,False.
417-1272,False.
358-1129,False.
394-1211,False.
327-1319,False.
399-4413,False.
393-9985,False.
401-8377,False.
331-3202,False.
358-5953,False.
380-7624,False.
416-5261,False.
417-5067,False.
345-6515,False.
406-1349,False.
360-9038,False.
348-3444,False.
370-2892,False.
383-4061,True.
391-7937,False.
389-4083,False.
410-9633,False.
418-9502,False.
339-6637,True.
356-3403,False.
371-9457,True.
391-8087,False.
392-6420,False.
399-4094,False.
378-4013,False.
386-6306,False.
359-3618,False.
340-8875,False.
330-2693,False.
403-7627,False.
342-3678,False.
344-9943,False.
390-5686,False.
358-5826,False.
393-7826,True.
335-9786,False.
368-9860,False.
416-9522,False.
416-7307,False.
331-9861,False.
330-2881,False.
402-9558,False.
341-3180,False.
371-8598,False.
398-8385,False.
333-4154,False.
330-3589,False.
417-1477,False.
327-5525,False.
363-8244,False.
419-9104,False.
363-1560,False.
341-4075,False.
366-9074,False.
367-1424,False.
341-1191,True.
342-9480,False.
355-9360,False.
343-1538,False.
335-2331,False.
335-7257,False.
332-2137,False.
352-2998,False.
346-6941,False.
400-2203,False.
421-2955,False.
331-6629,False.
343-6314,False.
414-6638,False.
350-5883,False.
409-4447,True.
376-4856,False.
335-1874,True.
397-6255,False.
381-5047,False.
403-6850,False.
375-3658,False.
341-2603,False.
342-5062,False.
354-1558,False.
351-9537,False.
401-1252,False.
366-9538,False.
364-7622,False.
393-9918,False.
376-4484,False.
410-6791,True.
343-2392,False.
408-4323,False.
395-1718,False.
354-9492,False.
367-8168,True.
340-3500,False.
369-4962,False.
334-8967,False.
402-2377,False.
366-3917,False.
333-3531,False.
333-8954,False.
374-9203,True.
334-3289,False.
353-7822,False.
350-1422,False.
385-8406,False.
380-7277,False.
352-1798,False.
385-7922,False.
353-7730,False.
337-7163,False.
348-5567,False.
420-9575,False.
366-3358,True.
359-9972,False.
387-3332,False.
354-6960,False.
405-3335,False.
379-4257,False.
355-4992,False.
383-6373,False.
382-7993,False.
422-5865,False.
410-9961,False.
343-9946,False.
357-7060,False.
355-9541,False.
378-4145,False.
386-2317,False.
335-8146,False.
377-2235,False.
386-9141,False.
416-5623,False.
327-3053,False.
395-6195,True.
397-8772,False.
346-7656,True.
343-2350,False.
372-4722,False.
399-8615,False.
379-8248,False.
414-6219,False.
387-1343,False.
370-5527,True.
393-8736,False.
402-7626,False.
370-2688,True.
418-9036,True.
417-2035,False.
355-3602,False.
393-4027,False.
418-5141,False.
406-1247,False.
402-3892,True.
332-2965,False.
377-1218,False.
355-2464,True.
404-4611,False.
373-2339,False.
410-3503,False.
410-4739,False.
365-3562,False.
387-7641,False.
385-9744,False.
398-5006,False.
408-3977,False.
334-2729,False.
334-7685,False.
350-9228,False.
407-5774,False.
413-4039,False.
343-2077,False.
336-5661,False.
355-4143,False.
366-5918,False.
368-7555,True.
408-2119,False.
329-2789,False.
334-1508,False.
337-1506,False.
396-8400,False.
349-2654,False.
417-2716,False.
402-1725,False.
403-3229,False.
353-6056,False.
399-9802,True.
366-7069,False.
332-5949,True.
393-6376,False.
354-7025,False.
351-6585,False.
330-5462,False.
407-2292,False.
340-3011,False.
345-9153,False.
379-5503,False.
389-6790,False.
408-3610,False.
375-8238,False.
378-5633,False.
389-9120,False.
380-2758,False.
402-2728,False.
354-9062,False.
417-2054,False.
353-1941,False.
328-1522,False.
408-4529,True.
417-5320,False.
370-9755,True.
372-4835,False.
334-6605,False.
399-5564,False.
392-2887,False.
328-2110,False.
383-5976,False.
332-6181,True.
330-5255,False.
413-5190,True.
394-7447,True.
353-7096,False.
395-6002,False.
372-9816,False.
400-7253,False.
344-7470,False.
378-8572,False.
345-9140,True.
340-5460,False.
369-8024,True.
395-8595,False.
359-4587,False.
375-5439,False.
361-3779,False.
375-8934,False.
395-4757,False.
421-7205,False.
379-8805,False.
348-2150,False.
417-9128,False.
351-4226,False.
330-6630,False.
387-9137,True.
372-3987,False.
408-5183,False.
412-9357,False.
402-3599,False.
379-5211,False.
405-9217,False.
340-9200,False.
339-9026,False.
343-4772,False.
345-2108,False.
401-4650,False.
400-3945,False.
338-3781,False.
342-6316,False.
336-5920,False.
332-1060,False.
418-3426,False.
408-6326,True.
334-6142,False.
336-6128,False.
406-6708,False.
388-8670,False.
363-5853,False.
383-6544,False.
378-2940,False.
338-7683,False.
329-2786,True.
369-9465,False.
337-3769,False.
400-6257,True.
411-6663,False.
384-3101,False.
339-5329,False.
388-9944,False.
403-1769,False.
390-1612,False.
421-7214,False.
338-6962,True.
333-9826,False.
411-8549,False.
381-9234,False.
387-9855,False.
371-6990,False.
417-3046,False.
385-7082,False.
365-5886,False.
373-5196,False.
327-6194,False.
381-4565,False.
357-9832,False.
396-4845,False.
378-6772,False.
353-4296,False.
362-8331,False.
362-4685,False.
383-1431,False.
332-2258,False.
375-8304,False.
340-5580,False.
362-1490,False.
336-4281,False.
361-1315,False.
342-5906,False.
405-7904,False.
349-4762,False.
385-3263,False.
405-9496,False.
396-6775,False.
393-6475,False.
379-7779,False.
408-8650,False.
400-3497,False.
407-9244,False.
406-8809,False.
358-1778,False.
337-4339,False.
344-7197,True.
333-7631,True.
372-6623,False.
363-2602,False.
387-7757,False.
397-5381,False.
406-4604,False.
376-9513,False.
360-1852,False.
421-7270,False.
371-9482,False.
337-4101,False.
420-2796,False.
366-4225,False.
398-4567,False.
388-4571,False.
360-8666,False.
333-3704,False.
383-2566,False.
406-5584,False.
344-4691,False.
347-9737,False.
333-7961,False.
364-2439,False.
411-8043,False.
332-5084,True.
413-4831,False.
343-4806,False.
401-8735,True.
391-8626,False.
327-5817,False.
381-4712,False.
335-3320,False.
415-8780,False.
362-1146,False.
352-7413,False.
387-6716,False.
352-1127,False.
368-1288,True.
403-5279,False.
397-9333,False.
411-7353,False.
383-2537,False.
330-4419,False.
390-7930,True.
362-5111,True.
358-6796,False.
409-7494,False.
400-1636,False.
389-2747,False.
415-2176,False.
377-8067,False.
362-7835,False.
361-5225,False.
333-3447,False.
341-3044,False.
350-7306,True.
353-8849,False.
402-3476,False.
338-6018,True.
409-3520,False.
357-1085,False.
353-3285,False.
409-9885,False.
388-7701,False.
385-8184,True.
345-2863,False.
353-6300,False.
389-5649,False.
378-8137,False.
340-4627,False.
352-6833,False.
420-2000,False.
368-5437,True.
418-8170,False.
403-9417,False.
330-6165,False.
412-4185,False.
409-4734,True.
348-9828,False.
418-8850,False.
330-8351,False.
347-7773,False.
392-6841,False.
354-2189,False.
349-9060,False.
334-1311,False.
415-3120,False.
387-5891,False.
368-8026,False.
332-9446,False.
393-5284,False.
376-1677,False.
392-2268,False.
396-4311,False.
363-4005,False.
344-9966,False.
337-7377,False.
373-7037,False.
356-7580,False.
390-3401,False.
350-9313,False.
420-9009,False.
415-2641,False.
392-4929,False.
346-5068,True.
389-2631,False.
368-3808,False.
406-8599,False.
386-7456,False.
357-4936,False.
397-7411,False.
353-6218,False.
369-5942,False.
416-8543,False.
358-4576,True.
352-5118,True.
408-2621,False.
353-3994,False.
367-4277,False.
354-3237,False.
394-8504,False.
370-4139,False.
382-6135,False.
359-5718,False.
385-3111,False.
353-4880,False.
343-7019,True.
419-6133,False.
350-7344,False.
397-6064,False.
363-6896,False.
416-9021,False.
408-3269,False.
408-9463,False.
340-7062,False.
417-4309,False.
421-2659,False.
383-2017,False.
411-6294,False.
332-9525,False.
401-5012,False.
368-8835,False.
351-1382,False.
359-7694,False.
419-5505,False.
341-4570,False.
366-6991,False.
377-7399,False.
377-9092,False.
373-6681,False.
417-7736,False.
393-2812,False.
398-3176,False.
334-8694,True.
369-5449,True.
380-5246,False.
390-3873,False.
354-4568,False.
339-6968,False.
379-5933,False.
365-5682,False.
382-8518,False.
356-8449,True.
333-3460,False.
375-8596,False.
384-5907,False.
373-2903,False.
361-7702,False.
388-5850,False.
405-6298,False.
368-2074,False.
328-5050,False.
395-5783,False.
420-7301,False.
328-2478,False.
381-2460,False.
390-9811,True.
373-5670,False.
351-7016,False.
394-9934,False.
422-8268,False.
373-7690,False.
366-9781,False.
404-5427,False.
389-9783,False.
351-7005,True.
348-2009,False.
340-4236,False.
348-1528,False.
365-5039,False.
411-1810,False.
364-7644,True.
335-9066,False.
362-7581,False.
346-1095,False.
357-9136,True.
390-7863,False.
344-2416,False.
373-1448,True.
360-7076,False.
413-2241,True.
343-3961,False.
375-4107,True.
414-7410,False.
351-2535,False.
416-9615,False.
377-1293,True.
388-6479,False.
390-2755,False.
340-5930,False.
401-3622,False.
382-1104,False.
355-9324,False.
393-4843,False.
401-4052,False.
385-1830,False.
348-7409,False.
361-4910,False.
415-6578,False.
395-5015,False.
369-6012,False.
394-4520,True.
380-5873,False.
372-5384,False.
419-1863,True.
352-5697,False.
373-4274,False.
382-4024,False.
395-9215,True.
331-9149,False.
347-3958,False.
389-2540,False.
399-3083,True.
420-8308,False.
384-7724,False.
389-2114,False.
335-4414,False.
370-5361,False.
374-5965,False.
420-6414,False.
392-2708,False.
352-7234,False.
337-9878,False.
350-7288,False.
415-8448,True.
392-6331,False.
392-3315,False.
382-5401,True.
389-7012,False.
411-4714,True.
343-3846,False.
370-4395,False.
422-4394,False.
405-1780,False.
393-2220,False.
355-8299,False.
379-8681,True.
409-7034,False.
358-1922,False.
346-1629,True.
347-1870,False.
374-9576,True.
380-1096,False.
396-5790,False.
356-5244,False.
341-1412,False.
387-7371,True.
392-2555,True.
403-9167,True.
338-6550,False.
357-5801,False.
403-1953,False.
357-6039,True.
388-9653,False.
359-2915,False.
381-4562,False.
406-2213,False.
330-6436,False.
332-4289,False.
386-3596,False.
337-3740,False.
414-1496,True.
349-7291,False.
385-1985,False.
329-7102,False.
394-2553,False.
339-1330,True.
398-1959,False.
408-7015,False.
384-9254,False.
355-9475,False.
334-1337,False.
359-1441,False.
391-5442,False.
374-1551,False.
399-6233,True.
337-4749,False.
403-5552,False.
405-3097,True.
364-9240,False.
404-9348,False.
336-1462,False.
364-8981,False.
412-7606,False.
380-6342,False.
418-3017,False.
367-3648,False.
341-5892,False.
334-4678,False.
366-6751,False.
397-8512,False.
367-9495,False.
379-2991,False.
356-4832,False.
413-4040,True.
366-4444,False.
394-3806,False.
368-5647,False.
412-1076,False.
413-7655,False.
371-2316,False.
420-3346,False.
367-3971,False.
417-5813,False.
421-8535,False.
375-1721,False.
331-8484,False.
366-5829,True.
367-7906,False.
412-2520,True.
386-9177,False.
420-6780,False.
401-1454,False.
379-2508,False.
353-3492,False.
406-4840,False.
391-7982,False.
379-9821,False.
398-7414,False.
338-8566,False.
397-3058,False.
389-8096,False.
393-6840,True.
360-7404,False.
411-5740,False.
412-3726,False.
372-7326,False.
338-9873,False.
383-4322,False.
401-7654,False.
410-5455,False.
419-4310,False.
367-2056,False.
363-6695,False.
374-6217,False.
337-9569,False.
350-9720,False.
380-4080,True.
333-7460,False.
378-3722,False.
353-9339,False.
386-6535,False.
403-5575,False.
331-5962,False.
390-9627,True.
406-4560,False.
359-6931,False.
331-7342,False.
367-2227,False.
335-8836,False.
398-6703,False.
370-8379,False.
335-3880,False.
375-8761,False.
367-1398,False.
395-7857,False.
398-8745,True.
386-3717,False.
330-1175,False.
418-6752,False.
349-6464,False.
366-7331,False.
361-8288,False.
377-6635,False.
408-1513,False.
370-7546,False.
389-4278,False.
379-3012,False.
355-3620,False.
413-7743,True.
372-2296,False.
333-9728,False.
415-6110,False.
340-9803,False.
400-7002,True.
395-7435,False.
336-7143,False.
352-2175,False.
346-6352,False.
405-7467,False.
379-8526,False.
410-5713,False.
408-5916,False.
370-5626,False.
408-1331,False.
419-9688,False.
343-5219,True.
401-5586,False.
377-9178,False.
345-5639,False.
336-3488,False.
414-6426,False.
335-5591,False.
421-9144,False.
422-7728,False.
344-3466,True.
398-7978,False.
346-8368,False.
392-2722,False.
393-3274,False.
339-4636,False.
349-7138,False.
363-3295,False.
407-9830,False.
333-8822,False.
419-6418,False.
351-8955,False.
338-1840,False.
336-6997,False.
408-6266,False.
332-4291,False.
355-7895,False.
348-2916,False.
339-8132,False.
374-1684,False.
362-7604,False.
389-3206,False.
336-2829,False.
403-8916,True.
384-1135,False.
390-2320,False.
398-8578,False.
393-9424,False.
417-6330,False.
340-6339,False.
380-6571,False.
368-6488,False.
363-2193,False.
328-1206,False.
385-3540,False.
337-7167,True.
372-8405,False.
377-1273,True.
380-7816,True.
402-6744,True.
400-2181,True.
366-1613,True.
347-8205,False.
328-2982,False.
384-8723,True.
341-7686,True.
353-6038,False.
416-8827,False.
418-8450,False.
385-7861,False.
393-3507,False.
372-5262,False.
411-3095,False.
331-5919,False.
402-1556,False.
349-7362,False.
339-2734,False.
330-4914,False.
371-2500,True.
335-3681,False.
405-1132,False.
399-9239,False.
350-7227,False.
384-6654,False.
376-4271,False.
391-8124,False.
393-2524,False.
384-4385,False.
377-8266,False.
345-1243,False.
394-8086,False.
348-9145,False.
376-5201,False.
356-2093,False.
353-2080,False.
397-7500,False.
414-5786,False.
388-4282,False.
415-5132,False.
352-4541,False.
373-5928,False.
406-7737,False.
332-7607,False.
359-7788,False.
384-1549,False.
352-8508,False.
404-1002,False.
414-2905,False.
380-9849,False.
387-6498,False.
360-6024,False.
352-5815,False.
366-2273,True.
414-9119,False.
409-8796,False.
337-2442,False.
404-1931,False.
367-9765,False.
378-7299,False.
410-5192,False.
405-1108,True.
392-1734,False.
395-6030,False.
330-5168,False.
334-3142,False.
362-9983,False.
414-2606,False.
402-4501,False.
387-2604,True.
400-3343,False.
353-2450,False.
406-2032,False.
409-4462,False.
392-5941,False.
334-9182,False.
346-3445,False.
368-9507,False.
382-3966,False.
334-5844,False.
362-9411,False.
390-3565,False.
417-4810,True.
384-3389,False.
414-9717,False.
357-1700,False.
376-7207,False.
368-7706,True.
346-4216,False.
370-9533,False.
372-1493,False.
387-6031,False.
366-6248,False.
369-3756,False.
363-1719,False.
402-6666,False.
408-9779,False.
407-2441,False.
384-5027,False.
380-3161,False.
360-8135,False.
399-5426,False.
385-2564,False.
337-8618,True.
354-8491,False.
394-6278,False.
405-2276,True.
376-1000,False.
397-1659,False.
379-3953,False.
418-6512,False.
392-5296,False.
355-3814,False.
375-2098,False.
372-7990,True.
356-4558,False.
398-5788,False.
390-4003,False.
332-8103,False.
406-9926,True.
418-2402,False.
384-3299,True.
378-9090,False.
350-6473,False.
379-4583,False.
411-5078,False.
347-4982,False.
341-9274,False.
353-7461,False.
371-7366,False.
395-7923,True.
351-8398,False.
329-2204,False.
407-7507,False.
405-8075,False.
390-9698,False.
403-4917,False.
391-6709,False.
389-5988,False.
372-1534,False.
395-6369,False.
400-3197,False.
377-4169,True.
384-5343,False.
338-4472,False.
332-2126,False.
349-2157,False.
393-4823,True.
385-2683,False.
345-8350,False.
334-4506,False.
332-3544,False.
380-5102,False.
395-6149,False.
398-8122,False.
334-4438,False.
384-7459,False.
368-3931,False.
353-1352,False.
348-5725,True.
365-2008,True.
393-3635,False.
380-8727,True.
381-2376,False.
365-8114,False.
415-5008,False.
392-8318,False.
401-4007,False.
338-7709,False.
374-1981,True.
333-5101,True.
345-3734,False.
384-5004,True.
341-9396,False.
408-6302,False.
348-7193,True.
417-4063,False.
375-6911,False.
358-3604,False.
339-7485,False.
368-3078,False.
418-7055,True.
386-9981,False.
366-2541,False.
335-3110,False.
400-7809,False.
404-3106,True.
333-2337,False.
353-6482,False.
397-8162,False.
380-6722,False.
329-2918,False.
348-8022,False.
388-4459,False.
358-3114,False.
343-9654,False.
401-9909,False.
404-9978,False.
397-8011,False.
341-8719,True.
408-1242,False.
406-7726,False.
351-2773,False.
368-6174,False.
334-5029,True.
413-1789,False.
414-1246,False.
330-4978,True.
386-1631,False.
363-1208,False.
334-5263,False.
361-4137,False.
374-8187,False.
370-1525,False.
355-3801,True.
392-5605,False.
363-1366,False.
358-5274,False.
376-9607,True.
374-1213,False.
421-8537,True.
351-5576,False.
407-7258,True.
405-4420,False.
340-2855,False.
342-8002,False.
355-6826,False.
402-3886,False.
336-5900,False.
339-7684,False.
390-2433,False.
360-7246,False.
335-6508,True.
348-6720,True.
406-6400,False.
390-7370,False.
390-5055,True.
405-7542,False.
364-4927,False.
329-3458,False.
331-3842,False.
343-4147,False.
335-2274,False.
343-3227,False.
336-6907,False.
331-1391,True.
360-1643,False.
410-2518,False.
344-4970,False.
408-1486,False.
396-1648,False.
391-2022,False.
420-6465,True.
398-2628,False.
409-5519,False.
391-8554,False.
395-1693,False.
393-3194,False.
328-3402,False.
411-4781,False.
401-2581,False.
385-1214,False.
348-6853,True.
341-8412,False.
330-8142,False.
361-1404,False.
375-9671,False.
372-1824,False.
408-3606,False.
333-3595,False.
379-7009,False.
411-4940,False.
409-7523,True.
408-6725,False.
350-2384,False.
348-1706,False.
415-6145,False.
373-3731,False.
341-3349,False.
399-8859,False.
377-4518,False.
341-1594,False.
418-8770,False.
332-9118,False.
386-1418,False.
393-3535,False.
328-9006,False.
402-2482,False.
408-4865,False.
396-6247,False.
396-9462,False.
396-9279,False.
363-8715,False.
356-1358,False.
360-7839,False.
364-8774,False.
348-5038,False.
365-4728,False.
351-9037,False.
397-9184,False.
398-4538,False.
382-6827,False.
408-1340,False.
333-9511,False.
358-7379,False.
397-1766,True.
331-2144,False.
345-7014,False.
395-1898,False.
373-8920,False.
373-8908,True.
415-1203,False.
369-7017,True.
420-8435,True.
395-2579,False.
405-7850,False.
394-7710,False.
342-4122,True.
340-1876,True.
383-6095,True.
413-1061,False.
343-5347,False.
376-4861,False.
417-2265,False.
419-7415,False.
407-2259,True.
333-2906,False.
360-7477,False.
342-5243,False.
417-3999,True.
379-1720,True.
368-3117,False.
352-5000,False.
405-7676,True.
361-2349,True.
383-2901,False.
369-7049,False.
387-5533,True.
362-3660,False.
357-3577,False.
394-3312,False.
395-8330,False.
373-8895,False.
386-4581,False.
354-8191,False.
359-7562,False.
359-4336,True.
336-9901,False.
406-3069,True.
334-6519,True.
361-8113,False.
347-9769,False.
352-9130,False.
378-4557,False.
360-8919,False.
405-4109,True.
381-2498,False.
357-5696,True.
412-2947,False.
363-3571,False.
405-5403,True.
330-9354,True.
396-7091,False.
398-3004,False.
400-4020,False.
356-3448,False.
335-2019,True.
332-6633,False.
359-7648,False.
412-9190,False.
368-9007,False.
384-5632,True.
352-6068,True.
343-9645,False.
384-7873,False.
396-2187,False.
383-5109,False.
377-7843,False.
382-7999,False.
328-1222,False.
371-1727,True.
369-8871,False.
335-9726,False.
357-3709,False.
422-9964,False.
366-9211,False.
384-9033,False.
382-4932,True.
404-7518,False.
353-1954,False.
391-7166,False.
370-9000,False.
332-3642,False.
412-3898,False.
366-5640,False.
356-2302,False.
345-9018,False.
365-6205,False.
337-1151,False.
374-4664,False.
396-9656,False.
377-5043,True.
401-7359,True.
375-2184,True.
367-6005,False.
364-2166,False.
414-4741,False.
403-9719,True.
371-8452,False.
392-6239,False.
410-5250,False.
336-1574,False.
406-8324,False.
411-7110,False.
341-9907,False.
400-8952,False.
333-9266,False.
419-4894,False.
364-9904,True.
394-3048,False.
352-6265,False.
357-3187,False.
373-8483,True.
375-9930,False.
352-6282,False.
396-2945,False.
412-3527,False.
328-4231,False.
413-9055,False.
363-8755,False.
388-8891,False.
360-1776,False.
411-3578,False.
399-7268,True.
350-1532,False.
359-2197,False.
407-9290,False.
358-6672,False.
393-4621,False.
336-7357,False.
351-1466,False.
394-6668,False.
403-2673,True.
355-1735,False.
416-7679,False.
340-4972,True.
417-4826,True.
408-6676,False.
417-6683,False.
331-6270,False.
404-9754,False.
364-9425,False.
339-6477,True.
362-2787,False.
405-9233,False.
416-1845,False.
385-9657,False.
420-5652,False.
415-1141,False.
334-5634,False.
403-4200,False.
357-7893,False.
369-2899,False.
381-1026,False.
388-8722,False.
418-3135,False.
380-3974,False.
338-7232,False.
334-5223,False.
340-8323,True.
337-6851,False.
344-5973,False.
335-2261,False.
343-1458,False.
415-4875,False.
381-2726,False.
395-3852,False.
358-7914,False.
332-6958,False.
355-1019,False.
382-9447,False.
386-8536,False.
363-3818,False.
360-6416,False.
332-8764,False.
398-4814,False.
410-5963,False.
399-6642,False.
390-9986,False.
391-1793,False.
352-5542,False.
386-8118,False.
394-9825,False.
382-4952,False.
387-2698,False.
417-1360,False.
408-4836,True.
374-8329,True.
363-8424,False.
408-8910,False.
399-3840,False.
367-8692,True.
387-4504,False.
328-2647,False.
369-7903,False.
399-6852,False.
335-4888,True.
344-2260,False.
349-4070,False.
394-6505,False.
419-3612,False.
356-1952,False.
416-7866,False.
398-1759,False.
338-9950,False.
412-7278,False.
347-1263,False.
386-5684,False.
334-4354,False.
398-5970,False.
330-3429,False.
418-4637,False.
393-7322,False.
353-5557,False.
411-5334,False.
398-8588,False.
374-7285,False.
379-7215,True.
357-7875,False.
393-9677,False.
345-9598,False.
353-3203,False.
330-7486,False.
397-6425,False.
338-1815,False.
406-5023,False.
368-2458,False.
400-8375,True.
387-8201,False.
346-4360,False.
412-8811,False.
413-3990,False.
345-2448,False.
394-4512,False.
400-8538,True.
412-8769,False.
390-1552,False.
389-2477,False.
389-4695,False.
406-8037,False.
382-9138,False.
414-7942,False.
348-7071,False.
404-2942,False.
348-3581,False.
327-6764,False.
405-2831,False.
416-4351,False.
419-3196,False.
411-6211,False.
391-8369,False.
416-4464,False.
347-1814,False.
386-7337,False.
375-8505,False.
407-5056,False.
367-8924,False.
419-5171,True.
396-7687,False.
394-4548,False.
382-6438,False.
413-2194,True.
366-2622,False.
416-7591,False.
355-2634,True.
422-5350,True.
329-2388,False.
381-5273,False.
421-6694,False.
342-1702,False.
381-4029,True.
335-2967,True.
416-6594,False.
388-6026,True.
367-1024,False.
386-7118,False.
346-2020,True.
329-9067,True.
329-6144,False.
332-1502,False.
342-8320,False.
411-5748,False.
381-9367,False.
400-1280,False.
360-5794,False.
373-3538,False.
394-9942,False.
380-3329,False.
334-7618,False.
327-9289,False.
351-2589,False.
368-6892,False.
337-9303,False.
377-5258,False.
348-5767,False.
373-3549,False.
422-8344,False.
411-2958,True.
384-2908,False.
347-6393,False.
385-7148,True.
419-2767,False.
375-1746,False.
362-7870,False.
410-3725,False.
387-1535,True.
329-2045,False.
341-6743,False.
336-8343,True.
368-5758,False.
346-8362,False.
345-9690,False.
339-9798,False.
359-5731,True.
373-2091,False.
367-3439,False.
367-1681,True.
420-9973,False.
351-4025,True.
393-5897,False.
384-7216,False.
384-4595,False.
329-9667,True.
347-5063,False.
345-8433,False.
339-7602,False.
332-1109,False.
343-3296,False.
366-2536,False.
355-2293,False.
350-9318,False.
418-5300,True.
395-2626,False.
402-7372,False.
337-9710,False.
363-4967,False.
400-5389,False.
416-9162,False.
414-6541,False.
392-6647,False.
343-2465,False.
338-9171,False.
405-4606,False.
386-9711,False.
327-8495,True.
416-5660,True.
370-3032,False.
331-8462,False.
414-4037,False.
415-2865,False.
362-2353,False.
329-5114,False.
351-1389,False.
375-3668,False.
375-5414,False.
360-7079,False.
344-9302,False.
418-1775,False.
401-2468,False.
346-4984,False.
351-2928,False.
365-7774,True.
358-3691,False.
364-9059,False.
356-7208,False.
333-5551,False.
362-6528,False.
394-2560,False.
367-3220,True.
418-5708,False.
421-2245,False.
406-2242,True.
347-6994,False.
413-7468,True.
389-6082,False.
415-3689,False.
379-2503,True.
396-1106,False.
379-4372,False.
336-3738,False.
380-2600,False.
345-4473,False.
380-9990,False.
411-1045,False.
413-5306,False.
417-6906,False.
331-4807,False.
376-5375,False.
361-9839,False.
348-8679,False.
403-6565,False.
346-5287,False.
413-6769,False.
370-5042,False.
397-9486,False.
364-3286,True.
420-8897,True.
378-9506,False.
399-6259,False.
335-5806,False.
401-6392,False.
379-9859,False.
415-4051,False.
368-5612,False.
374-5301,False.
406-5710,False.
354-7077,False.
343-3340,False.
377-8267,False.
382-2453,False.
333-7449,False.
366-4287,False.
415-2285,False.
381-1328,False.
344-4022,False.
415-6601,False.
351-7309,True.
363-7802,False.
408-4870,False.
378-9478,False.
401-4778,False.
370-9563,False.
394-6382,False.
333-5295,False.
370-2451,False.
401-6982,True.
329-8115,False.
340-3409,False.
397-5911,False.
415-6127,False.
392-6073,False.
419-6564,False.
340-8245,False.
376-4540,False.
361-5936,False.
421-9846,False.
356-1582,False.
375-4900,False.
420-8953,False.
376-4035,False.
344-5206,False.
328-7833,True.
417-4266,False.
351-6574,False.
372-8925,False.
340-5678,False.
361-6814,False.
336-7155,False.
342-8167,True.
375-9180,False.
357-7064,False.
347-5354,False.
362-9391,False.
386-8984,False.
384-6372,False.
358-1329,False.
400-7987,False.
327-8732,False.
389-6955,False.
396-1800,False.
349-4979,False.
361-5864,False.
418-4658,False.
330-6208,False.
416-6628,False.
349-5617,False.
397-8051,False.
413-6346,False.
395-9270,False.
401-7575,False.
332-5964,False.
348-3338,False.
387-5411,False.
378-7872,False.
389-6037,False.
349-3732,False.
347-9738,False.
380-6074,False.
338-4307,False.
339-3636,False.
328-9315,False.
402-3634,False.
348-4316,True.
375-3826,True.
360-1406,False.
356-5475,True.
363-9969,False.
350-4367,False.
348-1592,False.
368-9751,False.
380-6413,False.
367-9259,False.
404-8765,False.
371-6284,True.
403-9468,False.
335-3133,False.
366-4426,False.
354-4752,False.
406-4768,False.
367-9257,False.
342-8348,False.
410-7611,True.
341-3270,False.
416-7452,False.
356-8982,False.
340-6908,True.
348-6659,False.
345-2401,False.
422-5264,False.
422-1799,False.
404-2877,False.
417-7913,False.
399-2457,True.
419-3427,False.
358-2490,True.
349-3112,True.
414-5422,False.
386-3766,False.
386-9724,False.
416-7393,False.
395-1380,False.
408-4911,False.
387-4064,False.
380-5667,False.
402-8930,False.
336-6533,False.
359-9992,False.
391-1737,True.
404-2871,False.
420-6121,False.
369-4012,False.
357-2294,False.
348-9938,False.
394-3023,False.
352-5466,True.
364-5510,True.
396-6462,False.
384-5335,False.
416-6886,True.
357-2748,False.
386-7976,False.
403-9199,False.
361-1900,False.
405-3848,False.
344-1136,True.
378-6276,True.
343-2592,True.
396-4410,True.
397-3943,False.
347-3821,False.
400-8069,False.
346-5349,False.
345-5089,False.
410-4613,False.
356-4706,False.
347-3406,True.
333-9133,False.
392-2459,False.
401-3685,False.
352-7752,True.
388-9285,True.
332-5582,False.
376-2550,False.
333-4594,True.
375-2522,False.
388-2240,True.
420-1782,False.
384-8890,False.
371-4788,False.
360-5636,False.
373-4264,True.
352-9836,False.
342-2013,False.
354-5689,True.
335-8427,False.
409-6753,False.
349-1756,False.
328-8980,True.
399-2151,True.
379-9524,True.
352-9947,False.
336-1043,False.
416-7013,False.
345-4551,False.
405-9864,False.
350-4297,False.
350-7114,True.
400-4244,False.
417-2608,False.
372-2990,False.
353-9998,True.
330-3008,False.
384-8629,False.
404-9504,False.
405-8753,False.
409-9911,True.
394-4260,False.
380-9063,False.
395-4509,False.
401-6671,False.
405-7204,False.
329-5377,False.
408-9572,False.
380-9879,False.
384-9243,False.
404-5597,False.
359-7521,False.
327-4795,False.
338-7955,False.
379-6970,True.
351-7807,False.
342-9394,False.
384-6264,False.
352-4534,False.
378-4617,False.
364-9567,False.
371-5875,False.
383-6489,False.
345-7117,False.
384-3902,False.
386-2759,False.
356-1270,False.
379-1336,False.
354-7201,False.
404-5057,False.
407-8012,False.
332-6139,True.
328-1373,False.
411-6501,False.
329-8056,False.
415-4564,True.
329-6192,False.
384-3904,False.
373-1028,False.
369-1220,False.
359-9369,False.
415-3016,False.
414-7090,True.
350-2250,False.
383-9355,False.
417-3257,False.
336-8010,False.
354-7718,False.
358-4412,False.
368-8972,False.
407-9841,False.
393-5208,False.
332-2889,True.
374-5530,False.
332-3381,False.
344-9347,False.
412-1991,True.
393-4528,False.
347-2378,False.
385-2699,False.
383-4319,False.
352-7915,False.
375-5547,False.
337-2348,False.
342-8702,False.
393-5802,False.
384-2219,False.
347-6164,False.
376-9940,False.
354-4352,False.
331-8713,False.
341-3663,False.
376-4665,False.
421-9034,False.
401-5169,False.
370-8262,False.
387-2041,False.
356-4146,False.
372-8883,True.
336-1880,False.
347-5843,False.
370-8023,False.
417-9814,False.
387-3422,False.
365-1664,False.
367-2436,False.
344-6258,False.
353-8928,False.
365-7784,False.
330-2635,True.
344-3131,False.
378-4294,False.
343-9365,False.
362-5579,False.
366-7616,False.
397-2870,False.
408-3262,True.
372-9091,False.
410-3159,True.
344-5181,True.
396-8662,False.
339-6446,False.
384-7236,True.
353-5257,False.
369-7295,False.
408-5322,True.
344-9620,False.
329-8436,False.
414-6739,False.
406-1730,False.
336-9327,False.
378-7418,False.
412-6019,False.
390-4789,False.
386-9774,False.
353-8970,False.
410-5370,False.
404-4421,False.
409-3353,False.
422-2571,False.
412-3404,False.
333-2964,False.
406-6669,False.
409-8802,False.
354-6183,False.
354-2434,False.
389-7620,False.
338-1724,False.
399-1750,False.
354-8914,False.
409-2983,True.
329-9689,False.
337-8950,False.
374-1836,False.
359-9454,False.
378-9542,True.
344-1970,True.
417-2774,False.
333-9002,True.
369-8576,False.
372-6920,False.
333-6575,False.
410-1190,False.
376-1641,False.
329-6731,True.
393-3976,False.
388-7355,False.
412-7791,False.
368-6111,False.
401-9420,False.
352-5750,False.
417-3702,False.
353-5714,False.
409-9494,False.
395-1901,True.
378-8342,False.
417-6044,False.
348-1163,True.
337-4600,True.
355-5922,False.
369-5810,False.
340-8291,False.
354-7397,True.
407-7464,False.
386-6411,False.
397-3746,True.
410-5236,False.
409-2412,False.
400-7280,False.
332-5820,True.
373-4483,False.
347-6717,False.
380-2929,False.
420-7692,False.
380-6437,False.
377-8309,False.
407-2718,False.
357-1938,True.
381-3735,False.
409-8453,False.
395-6758,False.
399-5424,False.
409-4671,True.
374-6525,False.
406-8665,False.
342-7716,False.
417-2221,False.
376-5213,True.
348-7448,False.
328-8179,False.
389-4602,False.
413-2238,False.
402-3370,True.
348-6008,False.
371-5655,False.
374-5224,False.
371-1187,False.
337-1100,False.
421-8141,False.
406-2678,False.
415-9649,False.
364-8128,False.
356-7817,False.
404-6357,False.
398-2138,False.
378-8029,False.
386-4215,False.
367-8156,False.
382-8079,True.
354-2985,False.
373-6922,True.
397-7125,False.
333-6296,False.
365-6022,False.
365-1688,False.
382-4872,False.
367-6136,False.
404-3592,False.
415-2949,False.
375-8880,False.
335-6832,False.
361-8367,False.
408-2002,False.
347-8659,True.
376-2922,False.
382-2182,True.
408-2089,False.
369-6890,True.
347-2951,False.
420-6324,True.
402-7650,False.
391-2702,False.
383-3375,False.
392-2733,False.
397-9933,False.
383-9306,True.
369-1929,True.
369-4377,False.
366-9430,False.
353-7407,False.
359-7426,True.
332-7391,False.
405-6559,False.
338-8784,False.
415-6347,True.
354-5058,False.
342-5701,False.
378-4179,False.
407-6391,False.
404-3105,False.
390-9735,True.
350-4820,False.
383-8807,False.
366-8382,False.
402-9704,False.
405-2209,False.
397-3939,False.
343-2689,True.
383-9448,False.
359-6232,True.
369-9772,False.
381-7003,False.
352-6732,False.
388-7540,True.
356-3333,False.
333-9664,False.
363-3763,False.
345-7900,False.
400-5511,False.
381-7597,False.
404-9775,False.
389-4608,True.
403-1742,False.
328-9797,True.
359-9223,False.
336-7696,False.
369-2214,False.
411-1325,False.
410-7553,False.
376-4284,False.
334-2800,False.
369-1904,False.
359-3833,False.
348-5569,False.
342-1960,False.
352-9050,False.
390-5316,False.
418-8568,True.
401-4844,False.
376-5471,False.
409-2917,False.
369-6308,False.
357-7385,False.
405-7119,False.
405-3309,True.
384-4938,True.
377-2725,False.
405-6398,False.
355-9366,True.
403-1128,False.
384-9682,False.
352-5393,False.
395-1229,False.
361-9195,False.
351-6366,False.
346-4919,False.
354-9068,False.
369-2743,False.
343-1347,True.
336-5495,False.
376-4292,True.
391-8677,False.
350-7273,False.
400-6454,False.
422-3052,False.
365-6756,False.
406-4158,False.
383-4641,False.
368-5165,False.
378-2432,False.
362-4159,False.
363-7979,False.
334-9818,False.
352-5787,True.
332-3617,False.
327-9957,False.
338-7527,False.
348-8711,False.
421-3226,False.
391-4358,False.
379-2523,False.
419-2369,False.
382-1227,False.
409-5749,False.
362-7951,False.
415-3537,True.
373-3959,True.
358-1346,True.
381-8422,False.
360-9005,False.
344-5967,False.
396-6390,False.
346-5036,False.
328-7252,False.
360-1745,False.
358-2046,False.
344-6935,False.
401-9665,True.
399-5291,True.
409-6588,True.
358-5721,False.
414-7446,False.
329-9517,False.
415-9553,False.
413-3177,False.
347-5113,False.
330-2662,False.
330-5824,True.
411-1261,False.
329-8788,False.
333-7869,False.
399-4800,False.
402-2072,False.
403-6187,True.
355-2872,False.
386-2970,False.
389-6081,False.
348-7556,False.
334-9163,False.
411-4293,False.
375-5562,False.
386-3823,False.
364-6445,False.
383-2251,False.
351-3169,False.
413-6380,False.
380-9674,False.
345-2319,False.
377-5441,False.
358-3692,True.
400-5831,False.
357-5995,False.
391-2159,True.
398-5954,False.
385-6175,False.
334-2961,False.
405-4303,False.
406-4100,True.
352-4401,False.
347-1473,False.
347-2016,True.
388-8948,True.
402-5509,False.
367-2598,False.
370-5001,False.
332-3693,False.
403-9766,False.
363-2407,False.
395-9214,False.
351-8894,False.
406-5003,False.
398-1332,False.
363-8033,True.
333-1012,False.
391-6260,False.
336-1353,False.
365-5629,False.
349-4397,False.
380-3910,False.
354-7820,False.
338-9952,False.
405-1821,False.
329-8669,False.
328-8808,False.
409-3018,False.
421-5994,False.
354-4448,False.
352-5081,False.
401-7803,False.
420-6052,False.
352-6084,False.
388-8583,False.
415-3158,False.
402-9304,False.
341-1916,False.
381-2745,False.
402-5014,False.
399-8846,False.
328-9267,True.
348-7224,False.
336-2190,False.
376-4705,True.
381-4076,False.
348-8464,False.
412-7020,False.
386-8432,False.
337-1802,False.
366-1084,True.
352-4182,False.
368-5628,False.
333-8996,False.
353-2557,False.
356-8621,False.
354-6942,False.
377-9829,False.
348-4660,True.
410-5199,False.
397-6542,True.
333-4492,False.
405-9573,False.
359-7255,False.
419-5501,False.
404-4809,True.
344-6334,False.
400-1899,False.
346-5053,False.
398-2148,False.
347-7675,False.
411-8956,False.
390-3761,False.
377-3876,False.
345-2476,False.
337-7879,False.
361-7283,True.
372-4868,True.
346-8863,False.
390-5267,False.
392-1547,False.
340-8177,False.
383-4802,False.
378-8567,False.
406-7844,True.
402-9173,False.
352-3440,False.
363-1413,False.
394-8861,False.
358-4036,False.
392-4680,False.
354-2762,False.
371-5811,False.
387-2014,False.
411-6598,False.
355-9356,False.
406-4720,False.
356-7239,False.
328-8747,False.
388-9464,False.
406-2866,True.
333-5729,True.
391-1499,True.
386-8690,False.
391-2231,False.
332-2275,False.
340-4028,False.
363-3486,False.
418-3181,False.
351-3316,False.
369-3626,True.
353-2763,False.
358-7165,True.
353-3223,False.
338-9044,False.
341-7296,False.
398-4431,False.
408-5601,False.
328-5188,True.
329-4474,False.
357-4573,False.
341-7112,False.
400-3147,False.
378-1936,True.
347-1640,False.
374-9531,False.
380-4374,True.
380-9409,False.
387-1116,True.
400-7509,False.
403-6225,False.
382-8274,False.
354-5764,False.
387-6912,False.
384-3413,True.
367-3950,False.
396-4254,True.
333-3010,True.
393-1891,False.
336-9053,False.
353-3372,True.
386-8943,False.
376-9716,False.
370-8676,False.
360-2329,True.
360-1320,False.
329-8638,False.
385-1118,True.
408-8269,True.
391-2334,False.
373-8900,False.
382-3512,False.
420-4089,False.
406-8465,False.
386-6114,False.
413-9328,True.
335-7144,True.
414-5177,False.
350-5993,False.
370-1465,False.
385-2370,False.
358-9146,False.
357-8515,False.
406-8995,True.
344-3145,False.
341-9890,True.
365-4387,False.
375-3341,False.
418-3096,False.
378-3879,False.
344-1362,True.
419-3937,False.
348-4961,False.
329-1410,False.
332-9896,False.
407-8575,False.
387-2799,False.
373-9108,False.
345-3947,True.
356-7511,False.
343-4516,False.
408-6305,False.
338-7305,False.
401-3077,False.
401-6977,False.
385-1464,False.
417-5034,False.
420-7066,False.
394-8256,False.
362-5044,False.
350-2075,False.
343-5372,False.
377-9520,False.
391-6773,False.
403-4442,False.
379-5885,True.
399-1021,False.
342-4004,False.
382-7659,False.
342-1004,True.
398-5851,False.
396-4869,False.
422-8333,False.
367-9127,False.
420-3028,False.
357-6348,False.
386-1131,False.
349-8391,False.
421-1484,False.
414-2663,False.
327-6989,False.
405-5513,True.
345-9168,False.
417-5146,False.
339-2792,False.
345-8397,False.
344-6404,False.
417-9455,False.
343-1009,False.
365-3493,False.
376-7043,False.
348-5728,True.
357-5784,False.
417-9844,False.
333-7225,False.
382-4943,False.
345-4589,True.
404-6337,False.
412-1470,False.
394-9220,False.
364-5362,False.
372-9852,False.
394-9984,False.
402-1668,False.
339-5659,False.
341-7279,False.
371-3236,False.
343-5679,False.
347-4626,False.
344-8498,False.
349-3005,True.
371-3498,False.
367-4853,False.
422-3454,False.
403-8915,False.
371-2418,False.
411-2977,True.
389-8163,False.
417-4456,True.
351-1894,False.
386-6408,False.
370-9592,False.
397-9251,False.
395-6913,False.
332-3804,False.
421-1326,True.
415-8200,False.
371-9414,False.
347-3895,False.
342-5854,False.
379-7192,False.
394-5753,False.
390-6932,False.
394-3171,False.
394-5202,False.
348-3777,False.
407-3949,False.
363-4779,False.
340-2239,False.
359-3423,True.
382-9297,False.
330-9294,False.
362-8763,False.
403-4816,False.
371-2155,False.
334-1339,False.
341-7412,False.
375-4770,False.
406-7643,False.
415-8164,False.
354-3545,False.
377-3139,False.
418-7478,False.
385-6952,False.
381-8593,False.
365-9371,False.
401-7335,False.
364-5126,False.
385-7157,True.
385-4766,True.
390-1760,False.
365-8831,False.
353-4002,False.
367-5923,False.
393-9548,False.
362-2356,False.
365-2341,False.
388-8797,False.
400-4713,False.
420-3042,False.
396-4171,False.
389-8417,True.
339-4068,False.
341-4873,True.
336-2322,False.
402-1607,False.
379-3037,False.
382-1399,False.
394-5489,True.
387-6065,False.
327-6087,False.
341-8667,False.
338-9612,False.
364-1134,False.
413-4811,False.
354-4333,False.
382-2026,False.
368-3287,False.
367-8298,False.
391-1783,False.
393-8762,True.
385-1423,False.
406-7670,False.
339-5423,False.
366-8939,True.
353-2391,False.
372-4203,False.
385-5688,True.
397-7453,False.
366-9015,False.
356-1654,False.
337-3932,False.
350-1126,False.
416-3649,True.
349-1726,False.
405-1589,False.
366-7560,False.
333-9643,False.
355-6422,False.
329-5400,False.
383-6356,False.
377-7276,False.
337-1586,True.
336-9273,False.
415-5476,True.
332-2650,True.
418-8257,False.
407-3121,False.
381-2413,False.
378-1144,False.
359-5091,False.
378-6986,False.
386-6580,False.
419-9713,False.
382-6153,False.
332-1690,False.
348-9383,False.
420-3857,False.
405-2653,False.
417-9278,False.
352-5663,False.
370-8786,False.
415-6333,False.
391-6558,False.
396-4234,False.
345-6961,True.
346-5992,True.
402-3908,True.
350-2340,False.
410-2015,False.
380-3311,False.
399-7029,False.
337-3868,False.
354-8088,False.
416-9723,False.
337-4403,False.
416-1536,False.
386-3796,False.
340-4989,False.
340-6221,False.
363-3469,False.
345-3787,True.
362-3107,False.
345-1994,False.
377-5417,False.
369-8574,True.
344-6847,False.
391-7528,False.
393-6053,False.
392-6286,False.
365-9079,False.
399-3089,False.
365-2192,False.
394-3051,False.
357-2429,False.
421-6268,False.
401-5915,False.
348-6057,False.
349-3843,False.
396-5561,False.
370-9622,True.
371-9602,False.
351-2815,True.
369-8703,False.
355-2840,False.
372-1115,False.
337-2986,False.
404-3238,False.
397-4968,False.
327-1058,False.
419-9509,False.
349-7282,False.
382-5743,False.
358-2694,False.
378-1884,True.
330-1627,False.
392-5716,False.
384-6132,True.
359-2740,False.
338-6714,True.
347-9968,False.
343-3399,False.
334-6129,True.
377-4975,True.
405-3533,False.
337-9326,False.
338-6556,False.
354-3040,False.
396-1278,False.
354-6810,False.
403-6237,False.
411-6823,True.
338-1400,False.
412-6245,False.
377-3417,False.
343-2597,False.
388-8282,False.
416-8394,False.
343-6643,False.
330-4364,False.
414-1537,False.
408-1913,True.
406-5532,False.
417-7722,False.
367-5226,True.
344-5766,False.
405-1370,False.
368-9073,False.
373-7974,True.
371-4633,False.
336-4960,False.
405-5083,False.
392-1105,False.
378-2397,False.
331-4184,False.
376-2408,False.
345-3614,True.
370-9296,False.
402-5076,False.
401-7334,False.
409-3428,False.
362-2067,False.
352-2270,False.
404-5840,True.
360-3126,False.
364-8731,False.
388-4331,False.
335-7324,True.
362-8886,False.
410-4882,False.
371-1139,False.
391-5516,False.
380-3186,False.
347-9995,False.
340-9013,False.
362-8378,False.
418-8969,False.
417-1488,True.
358-9898,False.
373-7308,False.
330-7137,True.
406-8445,False.
404-5283,False.
398-3632,False.
399-5763,False.
340-9449,False.
363-1123,False.
361-2170,False.
406-6304,False.
392-5090,False.
373-7713,False.
392-1376,False.
390-6388,False.
379-7290,False.
397-9928,False.
378-6924,False.
411-5677,True.
400-2738,False.
409-1856,True.
362-5899,True.
377-1164,False.
368-8555,False.
347-6812,False.
348-3830,False.
414-4276,False.
370-3271,False.
328-8230,False.
364-6381,False.
400-4344,False.
